{
  "item_0001": "ball/master",
  "item_0002": "ball/ultra",
  "item_0003": "ball/great",
  "item_0004": "ball/poke",
  "item_0005": "ball/safari",
  "item_0006": "ball/net",
  "item_0007": "ball/dive",
  "item_0008": "ball/nest",
  "item_0009": "ball/repeat",
  "item_0010": "ball/timer",
  "item_0011": "ball/luxury",
  "item_0012": "ball/premier",
  "item_0013": "ball/dusk",
  "item_0014": "ball/heal",
  "item_0015": "ball/quick",
  "item_0016": "ball/cherish",
  "item_0017": "medicine/potion",
  "item_0018": "medicine/antidote",
  "item_0019": "medicine/burn-heal",
  "item_0020": "medicine/ice-heal",
  "item_0021": "medicine/awakening",
  "item_0022": "medicine/paralyze-heal",
  "item_0023": "medicine/full-restore",
  "item_0024": "medicine/max-potion",
  "item_0025": "medicine/hyper-potion",
  "item_0026": "medicine/super-potion",
  "item_0027": "medicine/full-heal",
  "item_0028": "medicine/revive",
  "item_0029": "medicine/max-revive",
  "item_0030": "medicine/fresh-water",
  "item_0031": "medicine/soda-pop",
  "item_0032": "medicine/lemonade",
  "item_0033": "medicine/moomoo-milk",
  "item_0034": "medicine/energy-powder",
  "item_0035": "medicine/energy-root",
  "item_0036": "medicine/heal-powder",
  "item_0037": "medicine/revival-herb",
  "item_0038": "medicine/ether",
  "item_0039": "medicine/max-ether",
  "item_0040": "medicine/elixir",
  "item_0041": "medicine/max-elixir",
  "item_0042": "medicine/lava-cookie",
  "item_0043": "medicine/berry-juice",
  "item_0044": "medicine/sacred-ash",
  "item_0045": "medicine/hp-up",
  "item_0046": "medicine/protein",
  "item_0047": "medicine/iron",
  "item_0048": "medicine/carbos",
  "item_0049": "medicine/calcium",
  "item_0050": "medicine/rare-candy",
  "item_0051": "medicine/pp-up",
  "item_0052": "medicine/zinc",
  "item_0053": "medicine/pp-max",
  "item_0054": "medicine/old-gateau",
  "item_0055": "battle-item/guard-spec",
  "item_0056": "battle-item/dire-hit",
  "item_0057": "battle-item/x-attack",
  "item_0058": "battle-item/x-defense",
  "item_0059": "battle-item/x-speed",
  "item_0060": "battle-item/x-accuracy",
  "item_0061": "battle-item/x-sp-atk",
  "item_0062": "battle-item/x-sp-def",
  "item_0063": "other-item/poke-doll",
  "item_0064": "other-item/fluffy-tail",
  "item_0065": "flute/blue",
  "item_0066": "flute/yellow",
  "item_0067": "flute/red",
  "item_0068": "flute/black",
  "item_0069": "flute/white",
  "item_0070": "valuable-item/shoal-salt",
  "item_0071": "valuable-item/shoal-shell",
  "item_0072": "shard/red",
  "item_0073": "shard/blue",
  "item_0074": "shard/yellow",
  "item_0075": "shard/green",
  "item_0076": "other-item/super-repel",
  "item_0077": "other-item/max-repel",
  "item_0078": "other-item/escape-rope",
  "item_0079": "other-item/repel",
  "item_0080": "evo-item/sun-stone",
  "item_0081": "evo-item/moon-stone",
  "item_0082": "evo-item/fire-stone",
  "item_0083": "evo-item/thunder-stone",
  "item_0084": "evo-item/water-stone",
  "item_0085": "evo-item/leaf-stone",
  "item_0086": "valuable-item/tiny-mushroom",
  "item_0087": "valuable-item/big-mushroom",
  "item_0088": "valuable-item/pearl",
  "item_0089": "valuable-item/big-pearl",
  "item_0090": "valuable-item/stardust",
  "item_0091": "valuable-item/star-piece",
  "item_0092": "valuable-item/nugget",
  "item_0093": "other-item/heart-scale",
  "item_0094": "other-item/honey",
  "item_0095": "mulch/growth",
  "item_0096": "mulch/damp",
  "item_0097": "mulch/stable",
  "item_0098": "mulch/gooey",
  "item_0099": "fossil/root",
  "item_0100": "fossil/claw",
  "item_0101": "fossil/helix",
  "item_0102": "fossil/dome",
  "item_0103": "fossil/old-amber",
  "item_0104": "fossil/armor",
  "item_0105": "fossil/skull",
  "item_0106": "valuable-item/rare-bone",
  "item_0107": "evo-item/shiny-stone",
  "item_0108": "evo-item/dusk-stone",
  "item_0109": "evo-item/dawn-stone",
  "item_0110": "evo-item/oval-stone",
  "item_0111": "other-item/odd-keystone",
  "item_0112": "hold-item/griseous-orb",
  "item_0113": "key-item/tea",
  "item_0115": "key-item/autograph",
  "item_0116": "hold-item/douse-drive",
  "item_0117": "hold-item/shock-drive",
  "item_0118": "hold-item/burn-drive",
  "item_0119": "hold-item/chill-drive",
  "item_0121": "storage/pokemon-box",
  "item_0122": "storage/medicine-pocket",
  "item_0123": "storage/tm-case",
  "item_0124": "storage/candy-jar",
  "item_0125": "storage/power-up-pocket",
  "item_0126": "storage/clothing-trunk",
  "item_0127": "storage/catching-pocket",
  "item_0128": "storage/battle-pocket",
  "item_0134": "medicine/sweet-heart",
  "item_0135": "hold-item/adamant-orb",
  "item_0136": "hold-item/lustrous-orb",
  "item_0137": "mail/greet-mail",
  "item_0138": "mail/favored-mail",
  "item_0139": "mail/rsvp-mail",
  "item_0140": "mail/thanks-mail",
  "item_0141": "mail/inquiry-mail",
  "item_0142": "mail/like-mail",
  "item_0143": "mail/reply-mail",
  "item_0144": "mail/bridge-mail-s",
  "item_0145": "mail/bridge-mail-d",
  "item_0146": "mail/bridge-mail-t",
  "item_0147": "mail/bridge-mail-v",
  "item_0148": "mail/bridge-mail-m",
  "item_0149": "berry/cheri",
  "item_0150": "berry/chesto",
  "item_0151": "berry/pecha",
  "item_0152": "berry/rawst",
  "item_0153": "berry/aspear",
  "item_0154": "berry/leppa",
  "item_0155": "berry/oran",
  "item_0156": "berry/persim",
  "item_0157": "berry/lum",
  "item_0158": "berry/sitrus",
  "item_0159": "berry/figy",
  "item_0160": "berry/wiki",
  "item_0161": "berry/mago",
  "item_0162": "berry/aguav",
  "item_0163": "berry/iapapa",
  "item_0164": "berry/razz",
  "item_0165": "berry/bluk",
  "item_0166": "berry/nanab",
  "item_0167": "berry/wepear",
  "item_0168": "berry/pinap",
  "item_0169": "berry/pomeg",
  "item_0170": "berry/kelpsy",
  "item_0171": "berry/qualot",
  "item_0172": "berry/hondew",
  "item_0173": "berry/grepa",
  "item_0174": "berry/tamato",
  "item_0175": "berry/cornn",
  "item_0176": "berry/magost",
  "item_0177": "berry/rabuta",
  "item_0178": "berry/nomel",
  "item_0179": "berry/spelon",
  "item_0180": "berry/pamtre",
  "item_0181": "berry/watmel",
  "item_0182": "berry/durin",
  "item_0183": "berry/belue",
  "item_0184": "berry/occa",
  "item_0185": "berry/passho",
  "item_0186": "berry/wacan",
  "item_0187": "berry/rindo",
  "item_0188": "berry/yache",
  "item_0189": "berry/chople",
  "item_0190": "berry/kebia",
  "item_0191": "berry/shuca",
  "item_0192": "berry/coba",
  "item_0193": "berry/payapa",
  "item_0194": "berry/tanga",
  "item_0195": "berry/charti",
  "item_0196": "berry/kasib",
  "item_0197": "berry/haban",
  "item_0198": "berry/colbur",
  "item_0199": "berry/babiri",
  "item_0200": "berry/chilan",
  "item_0201": "berry/liechi",
  "item_0202": "berry/ganlon",
  "item_0203": "berry/salac",
  "item_0204": "berry/petaya",
  "item_0205": "berry/apicot",
  "item_0206": "berry/lansat",
  "item_0207": "berry/starf",
  "item_0208": "berry/enigma",
  "item_0209": "berry/micle",
  "item_0210": "berry/custap",
  "item_0211": "berry/jaboca",
  "item_0212": "berry/rowap",
  "item_0213": "hold-item/bright-powder",
  "item_0214": "hold-item/white-herb",
  "item_0215": "ev-item/macho-brace",
  "item_0217": "hold-item/quick-claw",
  "item_0218": "other-item/soothe-bell",
  "item_0219": "hold-item/mental-herb",
  "item_0220": "hold-item/choice-band",
  "item_0221": "evo-item/kings-rock",
  "item_0222": "hold-item/silver-powder",
  "item_0223": "hold-item/amulet-coin",
  "item_0224": "hold-item/cleanse-tag",
  "item_0225": "hold-item/soul-dew",
  "item_0226": "evo-item/deep-sea-tooth",
  "item_0227": "evo-item/deep-sea-scale",
  "item_0228": "hold-item/smoke-ball",
  "item_0229": "hold-item/everstone",
  "item_0230": "hold-item/focus-band",
  "item_0231": "hold-item/lucky-egg",
  "item_0232": "hold-item/scope-lens",
  "item_0233": "hold-item/metal-coat",
  "item_0234": "hold-item/leftovers",
  "item_0235": "evo-item/dragon-scale",
  "item_0236": "hold-item/light-ball",
  "item_0237": "hold-item/soft-sand",
  "item_0238": "hold-item/hard-stone",
  "item_0239": "hold-item/miracle-seed",
  "item_0240": "hold-item/black-glasses",
  "item_0241": "hold-item/black-belt",
  "item_0242": "hold-item/magnet",
  "item_0243": "hold-item/mystic-water",
  "item_0244": "hold-item/sharp-beak",
  "item_0245": "hold-item/poison-barb",
  "item_0246": "hold-item/never-melt-ice",
  "item_0247": "hold-item/spell-tag",
  "item_0248": "hold-item/twisted-spoon",
  "item_0249": "hold-item/charcoal",
  "item_0250": "hold-item/dragon-fang",
  "item_0251": "hold-item/silk-scarf",
  "item_0252": "evo-item/up-grade",
  "item_0253": "hold-item/shell-bell",
  "item_0254": "incense/sea",
  "item_0255": "incense/lax",
  "item_0256": "hold-item/lucky-punch",
  "item_0257": "hold-item/metal-powder",
  "item_0258": "hold-item/thick-club",
  "item_0259": "hold-item/stick",
  "item_0260": "scarf/red",
  "item_0261": "scarf/blue",
  "item_0262": "scarf/pink",
  "item_0263": "scarf/green",
  "item_0264": "scarf/yellow",
  "item_0265": "hold-item/wide-lens",
  "item_0266": "hold-item/muscle-band",
  "item_0267": "hold-item/wise-glasses",
  "item_0268": "hold-item/expert-belt",
  "item_0269": "hold-item/light-clay",
  "item_0270": "hold-item/life-orb",
  "item_0271": "hold-item/power-herb",
  "item_0272": "hold-item/toxic-orb",
  "item_0273": "hold-item/flame-orb",
  "item_0274": "hold-item/quick-powder",
  "item_0275": "hold-item/focus-sash",
  "item_0276": "hold-item/zoom-lens",
  "item_0277": "hold-item/metronome",
  "item_0278": "hold-item/iron-ball",
  "item_0279": "hold-item/lagging-tail",
  "item_0280": "hold-item/destiny-knot",
  "item_0281": "hold-item/black-sludge",
  "item_0282": "hold-item/icy-rock",
  "item_0283": "hold-item/smooth-rock",
  "item_0284": "hold-item/heat-rock",
  "item_0285": "hold-item/damp-rock",
  "item_0286": "hold-item/grip-claw",
  "item_0287": "hold-item/choice-scarf",
  "item_0288": "hold-item/sticky-barb",
  "item_0289": "ev-item/power-bracer",
  "item_0290": "ev-item/power-belt",
  "item_0291": "ev-item/power-lens",
  "item_0292": "ev-item/power-band",
  "item_0293": "ev-item/power-anklet",
  "item_0294": "ev-item/power-weight",
  "item_0295": "hold-item/shed-shell",
  "item_0296": "hold-item/big-root",
  "item_0297": "hold-item/choice-specs",
  "item_0298": "plate/flame",
  "item_0299": "plate/splash",
  "item_0300": "plate/zap",
  "item_0301": "plate/meadow",
  "item_0302": "plate/icicle",
  "item_0303": "plate/fist",
  "item_0304": "plate/toxic",
  "item_0305": "plate/earth",
  "item_0306": "plate/sky",
  "item_0307": "plate/mind",
  "item_0308": "plate/insect",
  "item_0309": "plate/stone",
  "item_0310": "plate/spooky",
  "item_0311": "plate/draco",
  "item_0312": "plate/dread",
  "item_0313": "plate/iron",
  "item_0314": "incense/odd",
  "item_0315": "incense/rock",
  "item_0316": "incense/full",
  "item_0317": "incense/wave",
  "item_0318": "incense/rose",
  "item_0319": "incense/luck",
  "item_0320": "incense/pure",
  "item_0321": "evo-item/protector",
  "item_0322": "evo-item/electirizer",
  "item_0323": "evo-item/magmarizer",
  "item_0324": "evo-item/dubious-disc",
  "item_0325": "evo-item/reaper-cloth",
  "item_0326": "evo-item/razor-claw",
  "item_0327": "evo-item/razor-fang",
  "item_0328": "tm/dark",
  "item_0329": "tm/dragon",
  "item_0330": "tm/psychic",
  "item_0332": "hm/normal",
  "item_0333": "tm/poison",
  "item_0334": "tm/ice",
  "item_0335": "hm/fighting",
  "item_0338": "tm/electric",
  "item_0345": "hm/water",
  "item_0349": "tm/grass",
  "item_0350": "tm/rock",
  "item_0351": "tm/fire",
  "item_0353": "tm/ground",
  "item_0357": "tm/fairy",
  "item_0401": "tm/steel",
  "item_0403": "tm/bug",
  "item_0421": "hm/flying",
  "item_0428": "key-item/explorer-kit",
  "item_0429": "key-item/loot-sack",
  "item_0430": "key-item/rule-book",
  "item_0431": "key-item/poke-radar",
  "item_0432": "key-item/point-card",
  "item_0433": "key-item/journal",
  "item_0434": "key-item/seal-case",
  "item_0435": "key-item/fashion-case",
  "item_0436": "key-item/seal-bag",
  "item_0437": "key-item/pal-pad",
  "item_0438": "key-item/works-key",
  "item_0439": "key-item/old-charm",
  "item_0440": "key-item/galactic-key",
  "item_0441": "key-item/red-chain",
  "item_0442": "key-item/town-map",
  "item_0444": "key-item/coin-case",
  "item_0445": "key-item/old-rod",
  "item_0446": "key-item/good-rod",
  "item_0447": "key-item/super-rod",
  "item_0448": "key-item/sprayduck",
  "item_0449": "key-item/poffin-case",
  "item_0450": "key-item/bike--yellow",
  "item_0451": "key-item/suite-key",
  "item_0453": "key-item/lunar-wing",
  "item_0454": "key-item/member-card",
  "item_0455": "key-item/azure-flute",
  "item_0456": "key-item/ss-ticket",
  "item_0457": "key-item/contest-pass",
  "item_0458": "key-item/magma-stone",
  "item_0459": "key-item/parcel",
  "item_0460": "key-item/coupon-1",
  "item_0461": "key-item/coupon-2",
  "item_0462": "key-item/coupon-3",
  "item_0463": "key-item/storage-key",
  "item_0464": "key-item/secret-potion",
  "item_0466": "key-item/gracidea",
  "item_0467": "key-item/secret-key-sinnoh",
  "item_0468": "key-item/apricorn-box",
  "item_0469": "key-item/unown-report",
  "item_0470": "key-item/berry-pots",
  "item_0471": "key-item/dowsing-machine",
  "item_0472": "key-item/blue-card",
  "item_0473": "valuable-item/slowpoke-tail",
  "item_0474": "key-item/clear-bell",
  "item_0475": "key-item/card-key",
  "item_0476": "key-item/basement-key",
  "item_0477": "key-item/squirt-bottle",
  "item_0478": "key-item/red-scale",
  "item_0479": "key-item/lost-item",
  "item_0480": "key-item/pass",
  "item_0481": "key-item/machine-part",
  "item_0482": "key-item/silver-wing",
  "item_0483": "key-item/rainbow-wing",
  "item_0484": "key-item/mystery-egg",
  "item_0485": "apricorn/red",
  "item_0486": "apricorn/blue",
  "item_0487": "apricorn/yellow",
  "item_0488": "apricorn/green",
  "item_0489": "apricorn/pink",
  "item_0490": "apricorn/white",
  "item_0491": "apricorn/black",
  "item_0492": "ball/fast",
  "item_0493": "ball/level",
  "item_0494": "ball/lure",
  "item_0495": "ball/heavy",
  "item_0496": "ball/love",
  "item_0497": "ball/friend",
  "item_0498": "ball/moon",
  "item_0499": "ball/sport",
  "item_0500": "ball/park",
  "item_0501": "key-item/photo-album",
  "item_0502": "key-item/gb-sounds",
  "item_0503": "key-item/tidal-bell",
  "item_0504": "medicine/rage-candy-bar",
  "item_0532": "key-item/jade-orb",
  "item_0533": "key-item/lock-capsule",
  "item_0534": "hold-item/red-orb",
  "item_0535": "hold-item/blue-orb",
  "item_0536": "key-item/enigma-stone",
  "item_0537": "evo-item/prism-scale",
  "item_0538": "hold-item/eviolite",
  "item_0539": "hold-item/float-stone",
  "item_0540": "hold-item/rocky-helmet",
  "item_0541": "hold-item/air-balloon",
  "item_0542": "hold-item/red-card",
  "item_0543": "hold-item/ring-target",
  "item_0544": "hold-item/binding-band",
  "item_0545": "hold-item/absorb-bulb",
  "item_0546": "hold-item/cell-battery",
  "item_0547": "hold-item/eject-button",
  "item_0548": "gem/fire",
  "item_0549": "gem/water",
  "item_0550": "gem/electric",
  "item_0551": "gem/grass",
  "item_0552": "gem/ice",
  "item_0553": "gem/fighting",
  "item_0554": "gem/poison",
  "item_0555": "gem/ground",
  "item_0556": "gem/flying",
  "item_0557": "gem/psychic",
  "item_0558": "gem/bug",
  "item_0559": "gem/rock",
  "item_0560": "gem/ghost",
  "item_0561": "gem/dragon",
  "item_0562": "gem/dark",
  "item_0563": "gem/steel",
  "item_0564": "gem/normal",
  "item_0565": "medicine/health-wing",
  "item_0566": "medicine/muscle-wing",
  "item_0567": "medicine/resist-wing",
  "item_0568": "medicine/genius-wing",
  "item_0569": "medicine/clever-wing",
  "item_0570": "medicine/swift-wing",
  "item_0571": "valuable-item/pretty-wing",
  "item_0572": "fossil/cover",
  "item_0573": "fossil/plume",
  "item_0574": "key-item/liberty-pass",
  "item_0575": "other-item/pass-orb",
  "item_0576": "ball/dream",
  "item_0577": "other-item/poke-toy",
  "item_0578": "key-item/prop-case",
  "item_0579": "key-item/dragon-skull",
  "item_0580": "valuable-item/balm-mushroom",
  "item_0581": "valuable-item/big-nugget",
  "item_0582": "valuable-item/pearl-string",
  "item_0583": "valuable-item/comet-shard",
  "item_0584": "valuable-item/relic-copper",
  "item_0585": "valuable-item/relic-silver",
  "item_0586": "valuable-item/relic-gold",
  "item_0587": "valuable-item/relic-vase",
  "item_0588": "valuable-item/relic-band",
  "item_0589": "valuable-item/relic-statue",
  "item_0590": "valuable-item/relic-crown",
  "item_0591": "medicine/casteliacone",
  "item_0616": "key-item/light-stone",
  "item_0617": "key-item/dark-stone",
  "item_0618": "tm/electric",
  "item_0621": "key-item/xtransceiver",
  "item_0623": "key-item/gram-1",
  "item_0624": "key-item/gram-2",
  "item_0625": "key-item/gram-3",
  "item_0627": "key-item/medal-box",
  "item_0628": "key-item/dna-splicers",
  "item_0629": "key-item/dna-splicers",
  "item_0630": "key-item/permit",
  "item_0631": "key-item/oval-charm",
  "item_0632": "key-item/shiny-charm",
  "item_0633": "key-item/plasma-card",
  "item_0634": "key-item/grubby-hanky",
  "item_0635": "key-item/colress-machine",
  "item_0636": "key-item/dropped-item",
  "item_0638": "key-item/reveal-glass",
  "item_0639": "hold-item/weakness-policy",
  "item_0640": "hold-item/assault-vest",
  "item_0641": "key-item/holo-caster",
  "item_0643": "key-item/roller-skates",
  "item_0644": "plate/pixie",
  "item_0645": "medicine/ability-capsule",
  "item_0646": "evo-item/whipped-dream",
  "item_0647": "evo-item/sachet",
  "item_0648": "hold-item/luminous-moss",
  "item_0649": "hold-item/snowball",
  "item_0650": "hold-item/safety-goggles",
  "item_0651": "key-item/poke-flute",
  "item_0652": "mulch/rich",
  "item_0653": "mulch/surprise",
  "item_0654": "mulch/boost",
  "item_0655": "mulch/amaze",
  "item_0656": "mega-stone/gengarite",
  "item_0657": "mega-stone/gardevoirite",
  "item_0658": "mega-stone/ampharosite",
  "item_0659": "mega-stone/venusaurite",
  "item_0660": "mega-stone/charizardite-x",
  "item_0661": "mega-stone/blastoisinite",
  "item_0662": "mega-stone/mewtwonite-x",
  "item_0663": "mega-stone/mewtwonite-y",
  "item_0664": "mega-stone/blazikenite",
  "item_0665": "mega-stone/medichamite",
  "item_0666": "mega-stone/houndoominite",
  "item_0667": "mega-stone/aggronite",
  "item_0668": "mega-stone/banettite",
  "item_0669": "mega-stone/tyranitarite",
  "item_0670": "mega-stone/scizorite",
  "item_0671": "mega-stone/pinsirite",
  "item_0672": "mega-stone/aerodactylite",
  "item_0673": "mega-stone/lucarionite",
  "item_0674": "mega-stone/abomasite",
  "item_0675": "mega-stone/kangaskhanite",
  "item_0676": "mega-stone/gyaradosite",
  "item_0677": "mega-stone/absolite",
  "item_0678": "mega-stone/charizardite-y",
  "item_0679": "mega-stone/alakazite",
  "item_0680": "mega-stone/heracronite",
  "item_0681": "mega-stone/mawilite",
  "item_0682": "mega-stone/manectite",
  "item_0683": "mega-stone/garchompite",
  "item_0684": "mega-stone/latiasite",
  "item_0685": "mega-stone/latiosite",
  "item_0686": "berry/roseli",
  "item_0687": "berry/kee",
  "item_0688": "berry/maranga",
  "item_0689": "key-item/sprinklotad",
  "item_0693": "tm/ghost",
  "item_0695": "key-item/power-plant-pass",
  "item_0696": "key-item/mega-ring",
  "item_0697": "key-item/intriguing-stone",
  "item_0698": "key-item/common-stone",
  "item_0699": "other-item/discount-coupon",
  "item_0700": "key-item/elevator-key",
  "item_0701": "key-item/tmv-pass",
  "item_0702": "key-item/honor-of-kalos",
  "item_0703": "key-item/adventure-guide",
  "item_0704": "other-item/strange-souvenir",
  "item_0705": "key-item/lens-case",
  "item_0706": "key-item/makeup-bag",
  "item_0707": "key-item/travel-trunk",
  "item_0708": "medicine/lumiose-galette",
  "item_0709": "medicine/shalour-sable",
  "item_0710": "fossil/jaw",
  "item_0711": "fossil/sail",
  "item_0712": "key-item/looker-ticket",
  "item_0715": "gem/fairy",
  "item_0716": "key-item/mega-charm",
  "item_0718": "key-item/mach-bike",
  "item_0719": "key-item/acro-bike",
  "item_0720": "key-item/wailmer-pail",
  "item_0721": "key-item/devon-parts",
  "item_0722": "key-item/soot-sack",
  "item_0723": "key-item/basement-key--goldenrod",
  "item_0724": "key-item/pokeblock-kit",
  "item_0725": "key-item/letter",
  "item_0726": "key-item/eon-ticket",
  "item_0727": "key-item/scanner",
  "item_0728": "key-item/go-goggles",
  "item_0729": "key-item/meteorite",
  "item_0730": "key-item/key-to-room-1",
  "item_0731": "key-item/key-to-room-2",
  "item_0732": "key-item/key-to-room-4",
  "item_0733": "key-item/key-to-room-6",
  "item_0735": "key-item/devon-scope",
  "item_0736": "key-item/ss-ticket",
  "item_0738": "key-item/devon-scuba-gear",
  "item_0739": "key-item/contest-costume--jacket",
  "item_0741": "key-item/magma-suit",
  "item_0742": "key-item/aqua-suit",
  "item_0743": "key-item/pair-of-tickets",
  "item_0744": "key-item/mega-bracelet",
  "item_0752": "mega-stone/swampertite",
  "item_0753": "mega-stone/sceptilite",
  "item_0754": "mega-stone/sablenite",
  "item_0755": "mega-stone/altarianite",
  "item_0756": "mega-stone/galladite",
  "item_0757": "mega-stone/audinite",
  "item_0758": "mega-stone/metagrossite",
  "item_0759": "mega-stone/sharpedonite",
  "item_0760": "mega-stone/slowbronite",
  "item_0761": "mega-stone/steelixite",
  "item_0762": "mega-stone/pidgeotite",
  "item_0763": "mega-stone/glalitite",
  "item_0764": "mega-stone/diancite",
  "item_0765": "key-item/prison-bottle",
  "item_0766": "key-item/mega-cuff",
  "item_0767": "mega-stone/cameruptite",
  "item_0768": "mega-stone/lopunnite",
  "item_0769": "mega-stone/salamencite",
  "item_0770": "mega-stone/beedrillite",
  "item_0773": "key-item/key-stone",
  "item_0774": "key-item/meteorite-shard",
  "item_0775": "key-item/eon-flute",
  "item_0776": "z-crystals/normalium-z--held",
  "item_0777": "z-crystals/firium-z--held",
  "item_0778": "z-crystals/primarium-z--held",
  "item_0779": "z-crystals/electrium-z--held",
  "item_0780": "z-crystals/decidium-z--held",
  "item_0781": "z-crystals/icium-z--held",
  "item_0782": "z-crystals/fightinium-z--held",
  "item_0783": "z-crystals/poisonium-z--held",
  "item_0784": "z-crystals/groundium-z--held",
  "item_0785": "z-crystals/flyinium-z--held",
  "item_0786": "z-crystals/psychium-z--held",
  "item_0787": "z-crystals/buginium-z--held",
  "item_0788": "z-crystals/rockium-z--held",
  "item_0789": "z-crystals/ghostium-z--held",
  "item_0790": "z-crystals/dragonium-z--held",
  "item_0791": "z-crystals/darkinium-z--held",
  "item_0792": "z-crystals/steelium-z--held",
  "item_0793": "z-crystals/fairium-z--held",
  "item_0794": "z-crystals/pikanium-z--held",
  "item_0795": "other-item/bottle-cap",
  "item_0796": "other-item/gold-bottle-cap",
  "item_0797": "key-item/z-ring",
  "item_0798": "z-crystals/grassium-z--held",
  "item_0799": "z-crystals/incinium-z--held",
  "item_0800": "z-crystals/waterium-z--held",
  "item_0801": "z-crystals/tapunium-z--held",
  "item_0802": "z-crystals/marshadium-z--held",
  "item_0803": "z-crystals/aloraichium-z--held",
  "item_0804": "z-crystals/snorlium-z--held",
  "item_0805": "z-crystals/eevium-z--held",
  "item_0806": "z-crystals/mewnium-z--held",
  "item_0835": "z-crystals/pikashunium-z--held",
  "item_0841": "key-item/forage-bag",
  "item_0844": "key-item/festival-ticket",
  "item_0845": "key-item/sparkling-stone",
  "item_0846": "hold-item/adrenaline-orb",
  "item_0847": "key-item/zygarde-cube",
  "item_0849": "evo-item/ice-stone",
  "item_0850": "key-item/ride-pager",
  "item_0851": "ball/beast",
  "item_0852": "medicine/big-malasada",
  "item_0853": "other-item/red-nectar",
  "item_0854": "other-item/yellow-nectar",
  "item_0855": "other-item/pink-nectar",
  "item_0856": "other-item/purple-nectar",
  "item_0857": "key-item/sun-flute",
  "item_0858": "key-item/moon-flute",
  "item_0860": "key-item/enigmatic-card",
  "item_0861": "berry/silver-razz",
  "item_0862": "berry/golden-razz",
  "item_0863": "berry/silver-nanab",
  "item_0864": "berry/golden-nanab",
  "item_0865": "berry/silver-pinap",
  "item_0866": "berry/golden-pinap",
  "item_0874": "key-item/silph-scope",
  "item_0877": "key-item/gold-teeth",
  "item_0879": "hold-item/terrain-extender",
  "item_0880": "hold-item/protective-pads",
  "item_0881": "hold-item/electric-seed",
  "item_0882": "hold-item/psychic-seed",
  "item_0883": "hold-item/misty-seed",
  "item_0884": "hold-item/grassy-seed",
  "item_0885": "partner-gift/stretchy-spring",
  "item_0886": "partner-gift/chalky-stone",
  "item_0887": "partner-gift/marble",
  "item_0888": "partner-gift/lone-earring",
  "item_0889": "partner-gift/beach-glass",
  "item_0890": "partner-gift/gold-leaf",
  "item_0891": "partner-gift/silver-leaf",
  "item_0892": "partner-gift/polished-mud-ball",
  "item_0893": "partner-gift/tropical-shell",
  "item_0894": "partner-gift/leaf-letter-eevee",
  "item_0895": "partner-gift/leaf-letter-pikachu",
  "item_0896": "partner-gift/small-bouquet",
  "item_0900": "other-item/lure",
  "item_0901": "other-item/super-lure",
  "item_0902": "other-item/max-lure",
  "item_0903": "medicine/pewter-crunchies",
  "item_0904": "memory/fighting",
  "item_0905": "memory/flying",
  "item_0906": "memory/poison",
  "item_0907": "memory/ground",
  "item_0908": "memory/rock",
  "item_0909": "memory/bug",
  "item_0910": "memory/ghost",
  "item_0911": "memory/steel",
  "item_0912": "memory/fire",
  "item_0913": "memory/water",
  "item_0914": "memory/grass",
  "item_0915": "memory/electric",
  "item_0916": "memory/psychic",
  "item_0917": "memory/ice",
  "item_0918": "memory/dragon",
  "item_0919": "memory/dark",
  "item_0920": "memory/fairy",
  "item_0921": "z-crystals/solganium-z--held",
  "item_0922": "z-crystals/lunalium-z--held",
  "item_0923": "z-crystals/ultranecrozium-z--held",
  "item_0924": "z-crystals/mimikium-z--held",
  "item_0925": "z-crystals/lycanium-z--held",
  "item_0926": "z-crystals/kommonium-z--held",
  "item_0933": "key-item/z-power-ring",
  "item_0934": "petal/pink",
  "item_0935": "petal/orange",
  "item_0936": "petal/blue",
  "item_0937": "petal/red",
  "item_0938": "petal/green",
  "item_0939": "petal/yellow",
  "item_0940": "petal/purple",
  "item_0941": "key-item/rainbow-flower",
  "item_0942": "key-item/surge-badge",
  "item_0943": "key-item/n-solarizer",
  "item_0944": "key-item/n-lunarizer",
  "item_0945": "key-item/n-solarizer",
  "item_0946": "key-item/n-lunarizer",
  "item_0949": "roto/hatch",
  "item_0950": "roto/bargain",
  "item_0951": "roto/prize-money",
  "item_0953": "roto/friendship",
  "item_0954": "roto/encounter",
  "item_0955": "roto/stealth",
  "item_0956": "roto/hp-restore",
  "item_0957": "roto/pp-restore",
  "item_0958": "roto/boost",
  "item_0959": "roto/catch",
  "item_0960": "av-candy/health",
  "item_0961": "av-candy/mighty",
  "item_0962": "av-candy/tough",
  "item_0963": "av-candy/smart",
  "item_0964": "av-candy/courage",
  "item_0965": "av-candy/quick",
  "item_0966": "av-candy/health-l",
  "item_0967": "av-candy/mighty-l",
  "item_0968": "av-candy/tough-l",
  "item_0969": "av-candy/smart-l",
  "item_0970": "av-candy/courage-l",
  "item_0971": "av-candy/quick-l",
  "item_0972": "av-candy/health-xl",
  "item_0973": "av-candy/mighty-xl",
  "item_0974": "av-candy/tough-xl",
  "item_0975": "av-candy/smart-xl",
  "item_0976": "av-candy/courage-xl",
  "item_0977": "av-candy/quick-xl",
  "item_0978": "poke-candy/green",
  "item_0979": "poke-candy/red",
  "item_0980": "poke-candy/blue",
  "item_0981": "poke-candy/brown",
  "item_0982": "poke-candy/purple",
  "item_0983": "poke-candy/yellow",
  "item_0984": "poke-candy/pink",
  "item_0985": "poke-candy/gray",
  "item_0986": "poke-candy/white",
  "item_0987": "poke-candy/black",
  "item_1074": "key-item/endorsement",
  "item_1075": "key-item/pokemon-box-link",
  "item_1076": "key-item/wishing-star",
  "item_1077": "key-item/dynamax-band",
  "item_1080": "key-item/fishing-rod",
  "item_1081": "key-item/rotom-bike-1",
  "item_1084": "curry-ingredient/sausages",
  "item_1085": "curry-ingredient/bobs-food-tin",
  "item_1086": "curry-ingredient/bachs-food-tin",
  "item_1087": "curry-ingredient/tin-of-beans",
  "item_1088": "curry-ingredient/bread",
  "item_1089": "curry-ingredient/pasta",
  "item_1090": "curry-ingredient/mixed-mushrooms",
  "item_1091": "curry-ingredient/smoke-poke-tail",
  "item_1092": "curry-ingredient/large-leek",
  "item_1093": "curry-ingredient/fancy-apple",
  "item_1094": "curry-ingredient/brittle-bones",
  "item_1095": "curry-ingredient/pack-of-potatoes",
  "item_1096": "curry-ingredient/pungent-root",
  "item_1097": "curry-ingredient/salad-mix",
  "item_1098": "curry-ingredient/fried-food",
  "item_1099": "curry-ingredient/boiled-egg",
  "item_1100": "key-item/camping-gear",
  "item_1103": "hold-item/rusted-sword",
  "item_1104": "hold-item/rusted-shield",
  "item_1105": "fossil/bird",
  "item_1106": "fossil/fish",
  "item_1107": "fossil/drake",
  "item_1108": "fossil/dino",
  "item_1109": "evo-item/strawberry-sweet",
  "item_1110": "evo-item/love-sweet",
  "item_1111": "evo-item/berry-sweet",
  "item_1112": "evo-item/clover-sweet",
  "item_1113": "evo-item/flower-sweet",
  "item_1114": "evo-item/star-sweet",
  "item_1115": "evo-item/ribbon-sweet",
  "item_1116": "evo-item/sweet-apple",
  "item_1117": "evo-item/tart-apple",
  "item_1118": "hold-item/throat-spray",
  "item_1119": "hold-item/eject-pack",
  "item_1120": "hold-item/heavy-duty-boots",
  "item_1121": "hold-item/blunder-policy",
  "item_1122": "hold-item/room-service",
  "item_1123": "hold-item/utility-umbrella",
  "item_1124": "exp-candy/xs",
  "item_1125": "exp-candy/s",
  "item_1126": "exp-candy/m",
  "item_1127": "exp-candy/l",
  "item_1128": "exp-candy/xl",
  "item_1129": "other-item/dynamax-candy",
  "item_1130": "tr/normal",
  "item_1132": "tr/fire",
  "item_1133": "tr/water",
  "item_1135": "tr/ice",
  "item_1137": "tr/fighting",
  "item_1138": "tr/electric",
  "item_1140": "tr/ground",
  "item_1141": "tr/psychic",
  "item_1148": "tr/bug",
  "item_1152": "tr/poison",
  "item_1154": "tr/dragon",
  "item_1161": "tr/steel",
  "item_1162": "tr/dark",
  "item_1163": "tr/ghost",
  "item_1180": "tr/grass",
  "item_1193": "tr/rock",
  "item_1196": "tr/flying",
  "item_1220": "tr/fairy",
  "item_1231": "mint/attack",
  "item_1232": "mint/attack",
  "item_1233": "mint/attack",
  "item_1234": "mint/attack",
  "item_1235": "mint/defense",
  "item_1236": "mint/defense",
  "item_1237": "mint/defense",
  "item_1238": "mint/defense",
  "item_1239": "mint/special-attack",
  "item_1240": "mint/special-attack",
  "item_1241": "mint/special-attack",
  "item_1242": "mint/special-attack",
  "item_1243": "mint/special-defense",
  "item_1244": "mint/special-defense",
  "item_1245": "mint/special-defense",
  "item_1246": "mint/special-defense",
  "item_1247": "mint/speed",
  "item_1248": "mint/speed",
  "item_1249": "mint/speed",
  "item_1250": "mint/speed",
  "item_1251": "mint/neutral",
  "item_1252": "other-item/wishing-piece",
  "item_1253": "evo-item/cracked-pot",
  "item_1254": "evo-item/chipped-pot",
  "item_1255": "key-item/hi-tech-earbuds",
  "item_1256": "curry-ingredient/fruit-bunch",
  "item_1257": "curry-ingredient/moomoo-cheese",
  "item_1258": "curry-ingredient/spice-mix",
  "item_1259": "curry-ingredient/fresh-cream",
  "item_1260": "curry-ingredient/packaged-curry",
  "item_1261": "curry-ingredient/coconut-milk",
  "item_1262": "curry-ingredient/instant-noodles",
  "item_1263": "curry-ingredient/precooked-burger",
  "item_1264": "curry-ingredient/gigantamix",
  "item_1265": "key-item/wishing-chip",
  "item_1266": "key-item/rotom-bike-2",
  "item_1267": "key-item/catching-charm",
  "item_1269": "key-item/old-letter",
  "item_1270": "key-item/band-autograph",
  "item_1271": "key-item/sonias-book",
  "item_1278": "key-item/rotom-catalog"
}
